EXAME|UNIDADE|VALOR_REF
Fosfatase Alcalina - Fosfatase Alcalina|U/L|40 - 129
Gama Gt - Gama-GT|U/L|12 a 73
Tgp - ALT (TGP)|U/L|Até 41
Desidrogenase Lática (DHL/L) - DHL|U/L|240 a 480
Proteína C Reativa, plasma - Proteína C-Reativa|mg/dL|Ver resultado tradicional
Tgo - AST (TGO)|U/L|Até 40
Fibrinogênio, Dosagem Do - Fibrinogenio|mg/dL|200 a 400
D. Dimeros(Dimeros De Fibrina) - Dimeros D, quant|ng/mL|Até 500
Hemograma - Hemoglobina|g/dL|13,5 a 17,5
Hemograma - VCM|fL| 81,0 a 95,0
Hemograma - Leucócitos|/mm3| 3.500 a 10.500
Hemograma - Neutrófilos|/mm3|1.700 a 7.000
Hemograma - Eosinófilos|/mm3| 50 a 500
Hemograma - Basófilos|/mm3|0 a 300
Hemograma - Linfócitos|/mm3| 900 a 2.900
Hemograma - Monócitos|/mm3| 300 a 900
Hemograma - Plaquetas|/mm3| 150.000 a 450.000
Hemograma - Eritrócitos|milhões/mm3|4,30 a 5,70
Hemograma - Hematócrito|%|39,0 a 50,0
Hemograma - HCM|pg|26,0 a 34,0
Hemograma - CHCM|g/dL|31,0 a 36,0
Hemograma - RDW|%|11,8 a 15,6
Hemograma - Neutrófilos (%)||
Hemograma - Eosinófilos (%)||
Hemograma - Basófilos (%)||
Hemograma - Linfócitos (%)||
Hemograma - Monócitos (%)||
Hemograma - Morfologia, SVE||
Hemograma - Morfologia, SB||
Troponina - Troponina|ng/mL|inferior a 0,16
Uréia - Uréia|mg/dL|10 a 50
Calculo da Estimativa da Taxa, de Filtracao Glomular, soro - Creatinina|mg/dL|0,70 a 1,30
Calculo da Estimativa da Taxa, de Filtracao Glomular, soro - Cálculo p/afrodescendente CKD-EPI|mL/minuto|Superior a 60
Calculo da Estimativa da Taxa, de Filtracao Glomular, soro - Cálculo p/não afrodescendente CKD-EPI|mL/minuto|Superior a 60
Calculo da Estimativa da Taxa, de Filtracao Glomular, soro - Cálculo p/afrodescendente MDRD|mL/minuto|Superior a 60
Calculo da Estimativa da Taxa, de Filtracao Glomular, soro - Cálculo p/não afrodescendente MDRD|mL/minuto|Superior a 60
Creatinina - Creatinina|mg/dL|0,70 a 1,30
Potássio - Potássio|mEq/L|3,5 a 4,5
Sódio - Sódio|mEq/L|136 a 145
Creatinofosfoquinase Cpk-Ck - CK|U/L|38 a 174
Hemograma - Volume plaquetário médio|%|9,2 a 12,6
Hemograma - Fração Imatura de Plaquetas|%|1,1 a 6,8
COVID-19-Sorologia IgM e IgG por quimiluminescência, soro - Covid 19, Anticorpos IgG, Quimiolumin.-Índice|UA/mL|inferior a 0,8
COVID-19-Sorologia IgM e IgG por quimiluminescência, soro - Covid 19, Anticorpos IgG, Quimioluminescência||Não reagente
COVID-19-Sorologia IgM e IgG por quimiluminescência, soro - Covid 19, Anticorpos IgM, Quimiolumin.-Índice|UA/mL|inferior a 0,8
COVID-19-Sorologia IgM e IgG por quimiluminescência, soro - Covid 19, Anticorpos IgM, Quimioluminescência||Não reagente
Hemograma, sangue total - Hemoglobina|g/dL|13,5 a 17,5
Hemograma, sangue total - VCM|fL|81,0 a 95,0
Hemograma, sangue total - Leucócitos|/mm3|3.500 a 10.500
Hemograma, sangue total - Neutrófilos|/mm3|1.700 a 7.000
Hemograma, sangue total - Eosinófilos|/mm3|50 a 500
Hemograma, sangue total - Basófilos|/mm3|0 a 300
Hemograma, sangue total - Linfócitos|/mm3|900 a 2.900
Hemograma, sangue total - Monócitos|/mm3|300 a 900
Hemograma, sangue total - Plaquetas|/mm3|150.000 a 450.000
Hemograma, sangue total - Eritrócitos|milhões/mm3|4,30 a 5,70
Hemograma, sangue total - Hematócrito|%|39,0 a 50,0
Hemograma, sangue total - HCM|pg|26,0 a 34,0
Hemograma, sangue total - CHCM|g/dL|31,0 a 36,0
Hemograma, sangue total - RDW|%|11,8 a 15,6
Hemograma, sangue total - Neutrófilos (%)|%|
Hemograma, sangue total - Eosinófilos (%)|%|
Hemograma, sangue total - Basófilos (%)|%|
Hemograma, sangue total - Linfócitos (%)|%|
Hemograma, sangue total - Monócitos (%)|%|
Hemograma, sangue total - Morfologia, SVE||
Hemograma, sangue total - Morfologia, SB||
Hemograma, sangue total - Volume plaquetário médio|fL|9,2 a 12,6
Proteína C Reativa, por imunoturbidimetria, soro - Proteína C-Reativa|mg/dL|Ver resultado tradicional
Desidrogenase Lática  ( LDH ) - DHL|U/L|240 a 480
Hemoglobina Glicada - Hemoglobina Glicada|%|Ver resultado tradicional
COVID-19-PCR para SARS-COV-2, Vários Materiais (Fleury) - Coronavírus (2019-nCoV)||Não detectado
Detecção de Coronavírus (NCoV-2019) POR PCR (Anatomia Patológica) - Detecção de Coronavírus (NCoV-2019) POR PCR (Anatomia Patológica)||Não detectado
Interleucina 6, soro - Interleucina 6|pg/mL|1,5 a 7,0
T4L, livre, soro - T4 Livre|ng/dL|Ver resultado tradicional
Bacilos Gram-Negativos Resistentes a Carbapenêmicos, Cultura, Vários Materiais - Bacilos Gram-Negativos Resistentes a Carbapenêmicos - Parcial||
Urina, Cultura - Jato Médio - Urina, Cultura - Jato Médio - Parcial||
Urina Tipo I - Jato Medio - pH, urina||5,0 a 8,0
Urina Tipo I - Jato Medio - Densidade, urina||1,010 a 1,030
Urina Tipo I - Jato Medio - Proteínas, urina isolada|g/L|inferior a 0,10
Urina Tipo I - Jato Medio - Glicose, urina isol|g/L|inferior a 0,3
Urina Tipo I - Jato Medio - C.Cetônicos, urina|mg/dL|inferior a 5,0 (negativa)
Urina Tipo I - Jato Medio - Bilirrubina,urina|mg/dL|inferior a 1,0 (negativa)
Urina Tipo I - Jato Medio - Urobilinogênio,urina|mg/dL|inferior a 1,0 (negativa)
Urina Tipo I - Jato Medio - Leucócitos, urina||inferior a 20000
Urina Tipo I - Jato Medio - Eritrócitos, urina||inferior a 10000
Urina Tipo I - Jato Medio - Aspecto, urina||limpido
Urina Tipo I - Jato Medio - Cor, urina||
Urina Tipo I - Jato Medio - Cilindros, urina||
Urina Tipo I - Jato Medio - Células Epiteliais||
Urina Tipo I - Jato Medio - Nitrito, urina||negativa
Tempo E Ativid. Protrombina (Tp) - TP/INR|segundos|0,9 a 1,1
Tempo E Ativid. Protrombina (Tp) - Tempo de Protrombina|segundos|10,1 a 12,8
Tempo Tromb.Parcial Ativada - TTPA|segundos|25,4 a 33,4
Tempo Tromb.Parcial Ativada - TTPA - Paciente/Normal|segundos|0,91 a 1,20
Tempo Tromb.Parcial Ativada - TTPA-Normal do dia||
Peptideo Natriuretico Tipo B (Bnp) - BNP|pg/mL|Até 100
Glicemia, plasma - Glicose|mg/dL|70 a 99
Ácido Úrico - Ácido Úrico|mg/dL|3,4 a 7,0
Albumina - Albumina|g/dL|3,5 a 5,2
Bilirrubinas Total E Fracoes - Bilirrubina Direta|mg/dL|0,00 a 0,30
Bilirrubinas Total E Fracoes - Bilirrubina Total|mg/dL|0,20 a 1,10
Bilirrubinas Total E Fracoes - Bilirrubina Indireta|mg/dL|0,20 a 0,80
Amilase - 183|U/L|28 a 100
Magnesio - Magnésio|mg/dL|1,6 a 2,6
Tsh - Hormonio Tiroestimulante - TSH|microU/mL|0,45 a 4,5
Colesterol Total e Frações - LDL Colesterol|mg/dL|menor que 100
Colesterol - Fracao HDL - Hdl-Colesterol|mg/dL|maior que a 40
Colesterol Total - URG - Colesterol total|mg/dL|menor que 190
Triglicérides - Triglicérides|mg/dL|< 150
Colesterol - Fração VLDL - V-Colesterol|mg/dL|< 30
Cálcio Ionizável - Calcio Ionizavel|mmol/L|1,11 a 1,40
Creatinofosfoquinase - CK-MB - CK-MB|ng/mL|inferior a 5,0
Gasometria Venosa - pH venoso||7,33 a 7,43
Gasometria Venosa - pO2 venoso|mmHg|30 a 50
Gasometria Venosa - pCO2 venoso|mmHg|38 a 50
Gasometria Venosa - HCO3 venoso|mmol/L|23 a 27
Gasometria Venosa - BE venoso||-3,0 a +3,0
Gasometria Venosa - Sat O2 venoso|%|60 a 85
Bacilos Gram-Negativos Resistentes a Carbapenêmicos, Cultura, Vários Materiais - Bacilos Gram-Negativos Resistentes a Carbapenêmicos||
Enterococo Rest. Vancomin.Pesq - Enterococo Rest. Vancomin. Pesq||
Urina, Cultura - Jato Médio - Cultura de Urina||
Cultura, Staphylococcus aureus resistente a oxacilina, varios materiais - Cultura, Staphylococcus aureus||
Hepar. Baixo Peso Mol  Anti-Xa - Hepar. Baixo Peso Mol Anti-Xa|UI/mL|0,5 a 1,1
COVID-19-PCR para SARS-COV-2, Vários Materiais (Fleury) - Material (2019-nCoV) ||
Antígeno, Influenza, Teste Rápido (AGINFLU) - Influenza A e B - teste rápido|ng/mL|Negativo
COVID-19-PCR para SARS-COV-2, Vários Materiais (Fleury) - Coronavírus (2019-nCoV)||Indetectável
Tgp - ALT (TGP)|U/L|Até 33
Tgo - AST (TGO)|U/L|Até 32
Creatinofosfoquinase Cpk-Ck - CK|U/L|26 a 140
Creatinina - Creatinina|mg/dL|0,60 a 1,10
Calculo da Estimativa da Taxa, de Filtracao Glomular, soro - Creatinina|mg/dL|0,60 a 1,10
Hemograma - Hemoglobina|g/dL|12,0 a 15,5
Hemograma - VCM|fL|82,0 a 98,0
Hemograma - Eritrócitos|milhões/mm3|3,90 a 5,00
Hemograma - Hematócrito|%|35,0 a 45,0
Hemograma - RDW|%|11,9 a 15,5
Lactato - Lactato, plasma|mg/dL|5,7 a 22,0
Ferritina, Dosagem - Ferritina|microg/L|26 a 446
Glicemia, plasma - Glicose|mg/dL|75 a 99
Hemocultura para aeróbios, por maldi-tof, vários materiais - Hemocultura para aeróbios, por maldi-tof, vários materiais||
Hemocultura para anaeróbios, por maldi-tof, vários materiais - Hemocultura para anaeróbios, por maldi-tof, vários materiais||
Cloro - Cloro|mEq/L|98 a 107
Fósforo - Fósforo|mg/dL|2,5 a 4,5
Hemocultura para fungos, por maldi-tof, vários materiais - Hemocultura para fungos, por maldi-tof, vários materiais||
Hemocultura para aeróbios, por maldi-tof, vários materiais - Hemocultura para aeróbios, por maldi-tof, vários materiais - Parcial||
Urina Tipo I - Jato Medio - Dismorfismo, urina|mg/dL|Ausente
Amonia Serica - Amônia|micromol/L|16 a 60
Hemograma - Mielócitos|/mm3|0
Hemograma - Metamielócitos|/mm3|0
Hemograma - Bastonetes|/mm3|  Até 840
Hemograma - Segmentados|/mm3|1.700 a 7.000
Hemograma - Mielócitos (%)||
Hemograma - Metamielócitos (%)||
Hemograma - Bastonetes (%)||
Hemograma - Segmentados (%)||
Vancomicina, Dosagem - Vancomicina|microgramas/mL|15,0 a 20,0
Clostridium Difficile, pesquisa do DNA, fezes (PCR em tempo Real) - Clostridium difficile toxigênico, DNA||Negativa
Urina Tipo I - Jato Medio - Cristais, urina||
Urina Tipo I - Jato Medio - Outros - Urina I||
Cultura Quantitativa (Sec. Traqueal E Lavado) - Cultura Quantitativa - Parcial||
Cultura Quantitativa (Sec. Traqueal E Lavado) - Cultura Quantitativa||
Pró-calcitonina, Dosagem no Plasma - Procalcitonina|ng/mL|Ver resultado tradicional
Cultura Automatizada (Geral) - Cultura Automatizada, 3ª Amostra - Parcial||
Cultura Automatizada (Geral) - Cultura Automatizada, 3ª Amostra||
Lactato - URG - Lactato, sangue|mg/dL|inferior a 11,3
Gasometria Arterial - pH arterial||7,35 a 7,45
Gasometria Arterial - pO2 arterial|mmHg|80 a 100
Gasometria Arterial - pCO2 arterial|mmHg|35 a 45
Gasometria Arterial - HCO3 arterial|mmol/L|22 a 26
Gasometria Arterial - BE arterial||-3,0 a +3,0
Gasometria Arterial - Sat O2 arterial|%|94 a 100
Citomegalovírus (CMV), PCR Quantidade Viral - CMV, Quantificação|UI/mL|Indetectável
Urina Tipo I - Jato Medio - Leveduras, urina||
Potássio, sangue total - Potássio, sangue total|mEq/L|3,5 a 5,0
Cálcio Ionizado, sangue total - Cálcio Ionizado, sangue|mmol/L|1,11 a 1,40
Cloro, urgente, sangue total - Cloro, sangue|mEq/L|98 a 107
Clostridium difficile, pesquisa de toxinas A e B, fezes - Clostridium difficile||
Fungos, Cultura - Fungos, Cultura - Parcial||
Fungos, Cultura - Fungos, Cultura||
Herpes Simp.Tp 1 e 2, Sorol. Igm - Herpes Simplex, Tipo 1 e 2, IgM||Não reagente
Lipase (urgência) - Lipase|U/L|inferior a 60
Cultura Automatizada (1º Amostra - geral) - Cultura Automatizada (1º Amostra - geral) - Parcial||
Cultura Automatizada (1º Amostra - geral) - Cultura Automatizada (1º Amostra - geral)||
Cálcio Total - Cálcio|mg/dL|8,6 a 10,3
COVID-19-PCR para SARS-COV-2, Vários Materiais (Fleury) - Coronavírus (2019-nCoV)||DETECTÁVEL
Ferritina, Dosagem - Ferritina|microg/L|15 a 149
Saturacao da Transferrina, soro - Siderofilina|microg/dL|250 a 425
Saturacao da Transferrina, soro - Ferro|microg/dL|50 a 170
Saturacao da Transferrina, soro - Ferro Grau Saturação|%|15 a 50
Reticulócitos, Contagem - Reticulócitos|/mm3|22.000 a 94.000
Reticulócitos, Contagem - Reticulócitos %||
Reticulócitos, Contagem - Fração de reticulócitos imaturos (IRF)|%|2,1 a 14,9
Teste Rápido p/ detecção Streptococcus Pyogenes (Grupo A) - Teste Rápido p/ detecção Streptococcus Pyogenes (Grupo A)||
Proteínas Totais e Frações - PTF - Proteínas|g/dL|6,5 a 8,1
Proteínas Totais e Frações - PTF - Albumina|g/dL|3,5 a 5,2
Proteínas Totais e Frações - PTF - Globulinas|g/dL|1,7 a 3,5
Proteínas Totais e Frações - PTF - Albumina/Globulina|%|0,9 a 2,0
Fosfatase Alcalina - Fosfatase Alcalina|U/L|35 - 104
Gama Gt - Gama-GT|U/L|8 a 41
Protrombina, Tempo de, plasma - TP/INR|segundos|0,9 a 1,1
Protrombina, Tempo de, plasma - Tempo de Protrombina|segundos|10,1 a 12,8
Tromboplastina Parcial Ativada, Tempo de, plasma - TTPA|segundos|25,4 a 33,4
Tromboplastina Parcial Ativada, Tempo de, plasma - TTPA-Paciente/Normal|segundos|0,91 a 1,20
Tromboplastina Parcial Ativada, Tempo de, plasma - TTPA-Normal do dia||
COVID-19-Sorologia IgM e IgG por quimiluminescência, soro - Covid 19, Anticorpos Totais, Eletroquim-Índic||inferior a 0,6
COVID-19-Sorologia IgM e IgG por quimiluminescência, soro - Covid 19, Anticorpos Totais, Eletroquimiolumi||Não reagente
COVID-19-Sorologia IgM e IgG por quimiluminescência, soro - Covid 19, Anticorpos IgG, Quimioluminescência|UA/mL|Não reagente
COVID-19-Sorologia IgM e IgG por quimiluminescência, soro - Covid 19, Anticorpos IgM, Quimioluminescência|UA/mL|Não reagente
COVID-19-Sorologia IgM e IgG por quimiluminescência, soro - Covid 19, Sorologia - Interpretação||
Detecção de vírus respiratório, por PCR, Vários Materiais - Vírus Respiratórios - Detecção molecular||Negativo
Lactato - Kit Urg - Lactato, sangue|mg/dL|8,1 a 15,3
Potássio - Kit Urg - Potássio, sangue|mEq/L|3,5 a 5,0
Cálcio Ionizável - Kit Urg - Cálcio Ionizado,arte|mmol/L|1,11 a 1,40
Hematócrito - Kit Urg - Hematocrito|%|35,0 a 45,0
Sódio - Kit Urg - Sódio, sangue|mEq/L|137 a 145
Hemoglobina - Kit Urg - Hemoglobina|g/dL|12,0 a 15,5
Glicemia Kit Urg - Glicose, arterial|mg/dL|75 a 99
Cloro - Kit Urg - Cloro, arterial|mEq/L|98 a 107
Hemograma - Promielócitos|/mm3|0
Hemograma - Promielócitos (%)||
Urina Tipo I - Jato Medio - Leucócitos, urina||inferior a 30000
Urina Tipo I - Jato Medio - Eritrócitos, urina||inferior a 12000
Acido Fólico - Ácido fólico|ng/mL|Maior que 5,4
Vitamina B-12, Dosagem - Vitamina B-12|ng/L|Maior que 300
Eletroforese de Proteínas - Eletro - Albumina|g/dL|3,50 a 4,85
Eletroforese de Proteínas - Eletro - Alfa 1 glob|g/dL|0,22 a 0,43
Eletroforese de Proteínas - Eletro - Alfa 2 glob|g/dL|0,55 a 1,08
Eletroforese de Proteínas - Eletro - Beta 1 glob|g/dL|0,32 a 0,54
Eletroforese de Proteínas - Eletro - Beta 2 glob|g/dL|0,24 a 0,54
Eletroforese de Proteínas - Eletro - Gama glob|g/dL|0,74 a 1,75
Eletroforese de Proteínas - Eletro - Albumina/Gl|g/dL|0,9 a 2,0
Eletroforese de Proteínas - Eletro - Observação||
Linfocitos Nat Killer Nk Cd56 - Linfócitos Natural killer (CD56/16+,CD3-)|/mm3|90 a 600
Linfócitos T E B (Cd3 / Cd19) - Linfocitos T|/mm3|1035 a 2333
Linfócitos T E B (Cd3 / Cd19) - Linfocitos B|/mm3|140 a 950
Eletroforese de Hemoglobina - Hemoglobina A|%|> 95
Eletroforese de Hemoglobina - Hemoglobina A2|%|2,0 a 3,5
Eletroforese de Hemoglobina - Hemoglobina F|%|0,0 a 2,0
Proteínas Totais, Soro - Proteínas|g/dL|6,5 a 8,1
Hemossedimentação(Vhs) 1.Hora - VHS|mm|Até 29
Imunoglobulina A - IgA, Imunoglobulina|mg/dL|50 a 400
Imunoglobulina M - IgM, Imunoglobulina|mg/dL|50 a 300
Imunoglobulina G - IgG, Imunoglobulina|mg/dL|600 a 1500
Eritrograma (Eritrócitos, Hemoglobina, Hematócrito) - Hemoglobina|g/dL|12,0 a 15,5
Eritrograma (Eritrócitos, Hemoglobina, Hematócrito) - VCM|fL|82,0 a 98,0
Eritrograma (Eritrócitos, Hemoglobina, Hematócrito) - Eritrócitos|milhões/mm3|3,90 a 5,00
Eritrograma (Eritrócitos, Hemoglobina, Hematócrito) - Hematócrito|%|35,0 a 45,0
Eritrograma (Eritrócitos, Hemoglobina, Hematócrito) - HCM|pg|26,0 a 34,0
Eritrograma (Eritrócitos, Hemoglobina, Hematócrito) - CHCM|g/dL|31,0 a 36,0
Eritrograma (Eritrócitos, Hemoglobina, Hematócrito) - RDW|%|11,9 a 15,5
Eritrograma (Eritrócitos, Hemoglobina, Hematócrito) - Morfologia, Série Vermelha||
Epstein Barr (Ebv), Sorologia IgM - Epstein-Barr, IgM||Ver resultado tradicional
Epstein Barr (Ebv), Sorologia IgG - Epstein-Barr, IgG||Ver resultado tradicional
Imunoglobulina E - IgE, Imunoglobulina|kU/L|inferior a 100
Fator VIII, Dosagem - Fator VIII|%|50 a 150
Imunoeletroforese - Proteínas Séricas, imunofixação||Ausência de componente monoclonal
T3 Livre - T3 livre|ng/dL|0,24 a 0,37
Proteínas Totais, Plasma, Urgente - Proteínas|g/dL|6,5 a 8,1
Varicela Zoster, Sorologia - Varicella-Zoster, anticorpos IgG||Ver resultado tradicional
Varicella-zoster Virus, Anticorpo IgM, soro - Varicella-Zoster, anticorpos IgM||Ver resultado tradicional
Hepat.B Anti-Hbsag(Hbv-Vhb),Au - Anti-HBs||Não Reagente
Dengue, antígeno NS1, soro, teste rápido - Dengue, antígeno NS1|ng/mL|Não reagente
Dengue, anticorpo IgG, teste rápido - Dengue, IgG||Não reagente
Dengue, anticorpo IgM, teste rápido - Dengue, IgM||Não reagente
Dengue, Anticorpo IgG, soro - Dengue, IgG||< 0,9
Dengue, Anticorpo IgM, soro - Dengue, IgM||< 0,9
Cálcio ionizado, pós filtro, plasma - Cálcio Ionizado, pós filtro||Conforme critério médico
Potássio (K) - Potássio|mEq/L|3,5 a 5,1
Uréia, soro - Uréia|mg/dL|10 a 50
Calculo da Estimativa da Taxa, de Filtracao Glomular, soro - Cálculo p/afrodescendente CKD-EPI|mL/min/1,73 m2|Superior a 60
Calculo da Estimativa da Taxa, de Filtracao Glomular, soro - Cálculo p/não afrodescendente CKD-EPI|mL/min/1,73 m2|Superior a 60
Calculo da Estimativa da Taxa, de Filtracao Glomular, soro - Cálculo p/afrodescendente MDRD|mL/min/1,73 m2|Superior a 60
Calculo da Estimativa da Taxa, de Filtracao Glomular, soro - Cálculo p/não afrodescendente MDRD|mL/min/1,73 m2|Superior a 60
Sódio, Soro - Sódio|mEq/L|136 a 145
Creatinina, soro - Creatinina|mg/dL|0,70 a 1,30
Glicemia de Jejum - Glicose|mg/dL|75 a 99
Testosterona - Testosterona|ng/dL|240 a 816
Tireostimulante (Tsh), Hormônio (Rie) - Hormônio Tiroestimulante|mUI/L|0,45 a 4,5
Vitamina D, 25 hidroxi (Vitamina D3), Soro - 25OH-Vitamina D Total||
Transaminase Pirúvica ( Tgp ) - ALT (TGP)|U/L|Até 41
Magnésio (Mg) - Magnésio|mg/dL|1,6 a 2,6
Ácido Úrico, soro - Ácido Úrico|mg/dL|3,4 a 7,0
Cálcio, soro - Cálcio|mg/dL|8,6 a 10,3
Colesterol - Fração HDL - HDL-Colesterol|mg/dL|maior que 40
Creatino Fosfoquinase (Cpk) - CK|U/L|38 a 174
Fosfatase Alcalina, soro - Fosfatase Alcalina|U/L|40 - 129
Fósforo, soro - Fósforo|mg/dL|2,5 a 4,5
Gama - Glutamil Transferase  (Ggt) - Gama-GT|U/L|De 12 a 73
Amilase, soro - Amilase|U/L|28 a 100
Ferro Serico - Ferro|microg/dL|65 a 175
Transaminase Oxalacética ( Tgo ) - AST (TGO)|U/L|Até 40
Colesterol Total - Colesterol total|mg/dL|menor que 190
Triglicerídios (Tg ) - Triglicérides|mg/dL|< 150
Colesterol - Fração LDL - VLDL-Colesterol|mg/dL|< 30
Colesterol não-HDL, soro - Colesterol não-HDL, soro|mg/dL|menor que 130
Cortisol Basal - Cortisol|microg/dL|6,0 a 18,4
Hepatite A (Hav-Vha)-Sorol.Igg - Anti-VHA Total||Não Reagente
Hepatite A (Hav-Vha),Sorol.Igm - Anti-VHA, IgM|UI/L|Não Reagente
PSA LIVRE - Antígeno Prostático Específico Livre - PSA Total|ng/mL|
PSA LIVRE - Antígeno Prostático Específico Livre - PSA Livre/Total|ng/mL|
PSA LIVRE - Antígeno Prostático Específico Livre - PSA Livre|ng/mL|
CA 19-9 - CA 19-9|U/mL|Até 37
Antígeno Carcinoembriogênico (CEA) - CEA|microg/L|Até 5,0
Paratormonio - N-Intac - PTH|pg/mL|10 a 65
Testosterona Livre - SHBG|nmol/L|21 a 77
Testosterona Livre - Testosterona livre|pmol/L|131 a 640
Insulina - Insulina|mU/L|Ver resultado tradicional
Insulina - HOMA-IR|mU/L|Ver resultado tradicional
Hepat.B Anti-Hbc(Hbv)Sorol.Igg - Anti-HBc Total||Não Reagente
Hepat.B Anti-Hbc(Hbv)Sorol.Igm - Anti-HBc, IgM||Não Reagente
Hepat.B Hbsag(Hbv-Vhb),Sorolog - AgHBs||Não Reagente
Hepatite B/Anti-Hbe, Sorologia - Anti-HBe||Não Reagente
Hepat.B Hbeag(Hbv-Vhb),Sorolog - AgHBe||Não reagente
Hepatite C Anti-Hcv, Sorologia - Anti-HCV||Não Reagente
CA 15-3 - CA 15-3|U/mL|Até 28
Glicemia de Jejum - Glicose|mg/dL|70 a 99
PSA TOTAL - Antígeno Prostático Específico Total  - PSA Total||
Eletroforese de Proteínas - Eletro - Comp Monocl||
CA 125 - CA 125|U/mL|Até 35
Plaquetas, contagem, sangue total - Plaquetas|/mm3|150.000 a 450.000
Plaquetas, contagem, sangue total - Volume plaquetário médio|%|9,2 a 12,6
Urina, Exame de, para Unidades, sem especificacao de jato - pH, urina||5,0 a 8,0
Urina, Exame de, para Unidades, sem especificacao de jato - Densidade, urina||1,010 a 1,030
Urina, Exame de, para Unidades, sem especificacao de jato - Proteínas, urina isolada|g/L|inferior a 0,10
Urina, Exame de, para Unidades, sem especificacao de jato - Glicose, urina isol|g/L|inferior a 0,3
Urina, Exame de, para Unidades, sem especificacao de jato - C. Cetônicos, urina|mg/dL|inferior a 5,0 (negativa)
Cultura de urina, sem especificação de jato, para Unidades - Cultura de Urina||
Urina, Exame de, para Unidades, sem especificacao de jato - Bilirrubina, urina|mg/dL|inferior a 1,0 (negativa)
Urina, Exame de, para Unidades, sem especificacao de jato - Urobilinogênio, urina|mg/dL|inferior a 1,0 (negativa)
Urina, Exame de, para Unidades, sem especificacao de jato - Leucócitos, urina||inferior a 20.000/mL
Urina, Exame de, para Unidades, sem especificacao de jato - Eritrócitos, urina||inferior a 10.000/mL
Urina, Exame de, para Unidades, sem especificacao de jato - Aspecto, urina||limpido
Urina, Exame de, para Unidades, sem especificacao de jato - Cor, urina||
Urina, Exame de, para Unidades, sem especificacao de jato - Cilindros, urina||
Urina, Exame de, para Unidades, sem especificacao de jato - Células Epiteliais, urina||
Urina, Exame de, para Unidades, sem especificacao de jato - Nitrito, urina||negativa
Cultura de urina, sem especificação de jato, para Unidades - Cultura de urina - Parcial||
Urina, Exame de, para Unidades, sem especificacao de jato - Leucócitos, urina||inferior a 30.000/mL
Urina, Exame de, para Unidades, sem especificacao de jato - Eritrócitos, urina||inferior a 12.000/mL
Amonia Serica - Amônia|micromol/L|11 a 51
Insulina - IMC - Índice de massa corporal||
Ácido Úrico - Ácido Úrico|mg/dL|2,4 a 5,7
Hemossedimentação(Vhs) 1.Hora - VHS|mm|Até 39
Sorologia - Coronavírus, IgG - Covid 19, Anticorpos IgG||Não reagente
Sorologia - Coronavírus, IgG - Covid 19, Anticorpos IgG, índice||
Apo Lipoproteína B - Apolipoproteína B|mg/dL|56 a 162
Globulina Ligadora Hormônio Sexual - SHBG|mmol/L|18 a 54
Dehidrotestosterona (DHT) - Dehidrotestosterona|ng/dL|16 a 79
Cálcio Ionizado - Cálcio Ionizado|mmol/L|1,11 a 1,40
Estradiol - Estradiol|ng/dL|Ver resultado tradicional
Homocisteína - Homocisteína|micromol/L|5,0 a 14,0
Prolactina - Prolactina|microg/L|Até 24
Lh,  Hormônio Luteinizante - LH|UI/L|Ver resultado tradicional
Fsh, 1.Amostra - FSH|UI/L|Ver resultado tradicional
Lipase - Lipase|U/L|inferior a 60
Vitamina D, 1,25 Dihidroxi - Vitamina D, 1,25 Dihidroxi|pg/mL|18 a 72
Hemocultura, para Anaeróbios, Vários Materiais - Hemocultura para Anaeróbios||
Hemocultura, para Aeróbios, Vários Materiais - Hemocultura para Aeróbios||
Sedimento Quantitativo - Leucócitos, urina|g/L|inferior a 20.000/mL
Sedimento Quantitativo - Eritrócitos, urina|g/L|inferior a 10.000/mL
Sedimento Quantitativo - Células Epiteliais, urina||
Hemocultura, para Aeróbios, Vários Materiais - Hemocultura, para Aeróbios - Parcial||
Hemocultura, para Anaeróbios, Vários Materiais - Hemocultura, para Anaeróbios - Parcial||
Hemocultura, para Fungos, Varios Materiais - Hemocultura Fungos - Parcial||
PTH 1-84, PTH (paratormônio) bioativo - PTH 1-84, soro|pg/mL|20 a 58
Hematócrito - Kit Urg - Hematocrito|%|39,0 a 50,0
Hemoglobina - Kit Urg - Hemoglobina|g/dL|13,5 a 17,5
Bilirrubinas, soro - Bilirrubina Direta|mg/dL|0,00 a 0,30
Bilirrubinas, soro - Bilirrubina Total|mg/dL|0,20 a 1,10
Bilirrubinas, soro - Bilirrubina Indireta|mg/dL|0,20 a 0,80
VDRL - Sífilis - Floculação||Não reagente
Sorologia Para Sifilis Fta/Abs - Sífilis - Elisa||Ver resultado tradicional
Sorologia Para Sifilis Fta/Abs - Sífilis - Floculação||Não Reagente
Sifilis, Sorologia Vdrl - Sífilis - Índice quimioluminescente CMIA||
HIV, Sorologia (Elisa) - HIV1/HIV2 - Índice||
HIV, Sorologia (Elisa) - HIV1/HIV2||não reagente
Urina Tipo I - Jato Medio - Observação||
Transaminase Oxalacética ( Tgo ) - AST (TGO)|U/L|Até 32
Transaminase Pirúvica ( Tgp ) - ALT (TGP)|U/L|Até 33
Hemograma, sangue total - Hemoglobina|g/dL|12,0 a 15,5
Hemograma, sangue total - VCM|fL|82,0 a 98,0
Hemograma, sangue total - Eritrócitos|milhões/mm3|3,90 a 5,00
Hemograma, sangue total - Hematócrito|%|35,0 a 45,0
Hemograma, sangue total - RDW|%|11,9 a 15,5
Calprotectina, Fezes - Calprotectina|mcg/g de fezes|Normal: inferior a 50
Gh Basal - Hormônio crescimento|microg/L|Ver resultado tradicional
Zinco - Zinco|microgramas/mL|0,50 a 1,10
Selenio, Dosagem - Selenio, soro|microg/L|De 46 a 143
IGF1 Somatomedina - IGF-1|ng/mL|Ver resultado tradicional
Albumina, soro - Albumina|g/dL|3,5 a 5,2
Fezes, Pesq.De Sangue Oculto - Sangue Oculto, fezes||Negativo
Hemograma - Hemoglobina|g/dL|12,2 a 14,8
Hemograma - VCM|fL|80,0 a 92,0
Hemograma - Leucócitos|/mm3| 4.100 a 8.900
Hemograma - Neutrófilos|/mm3| 1.800 a 8.000
Hemograma - Eosinófilos|/mm3| 0 a 500
Hemograma - Basófilos|/mm3| 0 a 200
Hemograma - Linfócitos|/mm3| 1.200 a 5.200
Hemograma - Monócitos|/mm3| 0 a 800
Hemograma - Eritrócitos|milhões/mm3|4,10 a 5,20
Hemograma - Hematócrito|%|36,0 a 43,0
Hemograma - HCM|pg|25,0 a 35,0
Hemograma - RDW|%|11,2 a 13,5
Creatinofosfoquinase Cpk-Ck - CK|U/L|27 a 140
Desidrogenase Lática (DHL/L) - DHL|U/L|inferior a 436
Fosfatase Alcalina - Fosfatase Alcalina|U/L|50 - 117
T3 - Tri Iodotironina - T3|ng/dL|70 a 200
S-DHEA - DHEA-S|microg/dL|99 a 407
Alumínio - Alumínio|microg/L|Até 10
Acido Ascorbico, plasma - Ácido ascorbico, plasma|mg/dL|0,4 a 2,0
Horm.Adrenocorticotrofico/Acth - ACTH|pg/mL|7 a 63
Horm.Adrenocorticotrofico/Acth - Período de coleta (horas)||
Vitamina A, Dosagem - Vitamina A (retinol), soro|mg/L|0,3 a 0,7
Colesterol - Fração LDL - LDL Colesterol|mg/dL|menor que 100
Cobre - Cobre|microg/dL|80 a 155
Toxoplasmose, Sorologia IgG - Toxoplasma, IgG|UI/mL|Ver resultado tradicional
Toxoplasmose, Sorologia Igm - Toxoplasma, IgM||Ver resultado tradicional
DHEA - Dehidroepiandrosterona - DHA|ng/dL|Ver resultado tradicional
Streptolisina O,Antic.Ant Aslo - Antistreptolisina O|UI/mL|Até 200
Creatinina, soro - Creatinina|mg/dL|0,60 a 1,10
Fosfatase Alcalina, soro - Fosfatase Alcalina|U/L|35 - 104
Gama - Glutamil Transferase  (Ggt) - Gama-GT|U/L|De 8 a 41
Hemossedimentação(Vhs) 1.Hora - VHS|mm|Até 23
Sedimento Quantitativo - Leucócitos, urina|g/L|inferior a 30.000/mL
Sedimento Quantitativo - Eritrócitos, urina|g/L|inferior a 12.000/mL
Cultura de urina, sem especificação de jato, para Unidades - Observação||
Hb/Ht - Hemoglobina|g/dL|12,0 a 15,5
Hb/Ht - Hematócrito|%|35,0 a 45,0
Prolactina - Prolactina|microg/L|Não grávidas: até 31
Hemossedimentação(Vhs) 1.Hora - VHS|mm|Até  10
Peptideo C - Peptídio C|ng/mL|1,1 a 4,4
Ferro Serico - Ferro|microg/dL|50 a 170
Gonadotrofina Coriônica (B - Hcg) (Rie Ou Eie) - HCG|UI/L|Não grávidas: Indetectável
Proteinas, totais e frações, soro - Proteínas|g/dL|6,5 a 8,1
Proteinas, totais e frações, soro - Albumina|g/dL|3,5 a 5,2
Proteinas, totais e frações, soro - Globulinas|g/dL|1,7 a 3,5
Proteinas, totais e frações, soro - Albumina/Globulinas|%|0,9 a 2,0
Ácido Úrico, soro - Ácido Úrico|mg/dL|2,4 a 5,7
Microalbumina, Amostra Isolada, Urina - Microalbuminúria iso|mg/g creatinina|Até 30
Creatinina Urin. Amost.Isolada - Creatinina, urina isolada|g/L|0,2 a 3,5
Coxsackie B, Anticorpos, vários materiais - Vírus Coxsackie - B1||Não reagente
Coxsackie B, Anticorpos, vários materiais - Vírus Coxsackie - B2||Não reagente
Coxsackie B, Anticorpos, vários materiais - Vírus Coxsackie - B3||Não reagente
Coxsackie B, Anticorpos, vários materiais - Vírus Coxsackie - B4||Não reagente
Coxsackie B, Anticorpos, vários materiais - Vírus Coxsackie - B5||Não reagente
Coxsackie B, Anticorpos, vários materiais - Vírus Coxsackie - B6||Não reagente
Coxsackie A, Anticorpos Totais, soro - Virus Coxsackie A tipo 2||inferior a 1/8
Coxsackie A, Anticorpos Totais, soro - Virus Coxsackie A tipo 4||inferior a 1/8
Coxsackie A, Anticorpos Totais, soro - Virus Coxsackie A tipo 7||inferior a 1/8
Coxsackie A, Anticorpos Totais, soro - Virus Coxsackie A tipo 9||inferior a 1/8
Coxsackie A, Anticorpos Totais, soro - Virus Coxsackie A tipo 10||inferior a 1/8
Coxsackie A, Anticorpos Totais, soro - Virus Coxsackie A tipo 16||inferior a 1/8
Dna Nativo, Anticorpo Anti - Anti-DNA|micromol/L|Não reagente: inferior a 1,0
Fator Antinucleo, Anticorpos totais, soro - FAN - Nuclear||Não reagente
Fator Antinucleo, Anticorpos totais, soro - FAN - Nucleolar||Não reagente
Fator Antinucleo, Anticorpos totais, soro - FAN - P. Metafásica||Não reagente
Fator Antinucleo, Anticorpos totais, soro - FAN - Citoplasmático||Não reagente
Fator Antinucleo, Anticorpos totais, soro - FAN - Ap. Mitótico||Não reagente
Complemento/O Hemol.Total/Ch50 - Complemento Total|U/mL|170 a 330
Anti-Xa, para heparina não fracionada (HNF), sangue total - ANTI-Xa, atividade|UI/mL|0,3 a 0,7
Fator VIII R-Ag Von Willenrand - v.Willebrand|%|66 a 175
Fator VII, Atividade - Fator VII|%|50 a 129
Fator II, Atividade - Fator II|%|79 a 131
Fator V, Atividade - Fator V|%|62 a 139
Grupo Sanguineo Abo - Grupo Sanguíneo||
Grupo Sanguineo Abo - Fator Rh||
Hemossedimentação(Vhs) 1.Hora - VHS|mm|Até 27
T4L, livre, soro - T4 Livre - Eletroquimioluminescencia|ng/dL|Ver resultado tradicional
Tempo De Trombina (Tt) - Trombina, tempo|segundos|15,8 a 24,9
Hemograma - Índice de Green & King||
Proteinúria de 24h - Proteínas, Urina 24h|g/L|inferior a 0,30 g/24 h
Proteinúria de 24h - Proteínas|g/L|inferior a 0,10
Proteinúria de 24h - Período de coleta (horas)||
Proteinúria de 24h - Volume (mL)||
Beta 2 Microglobulina (soro) - Beta 2 Microglobulin|mg/L|inferior a 2,4
Proteína de Bence Jones - Bence-Jones, urina||
Imunoglobulina G, Subclasse 1, Soro - IgG1|mg/dL|490 a 1140
Imunoglobulina G, Subclasse 2, soro - IgG2|mg/dL|150 a 640
Imunoglobulina G, Subclasse 3, soro - IgG3|mg/dL|22 a 176
Imunoglobulina G, Subclasse 4, Soro - IgG4|mg/dL|8 a 140
Reticulócitos, Sangue Total - Reticulócitos|/mm3|22.000 a 94.000
Reticulócitos, Sangue Total - Reticulócitos %|%|
Reticulócitos, Sangue Total - Fração de reticulócitos imaturos (IRF)|%|2,1 a 14,9
Mioglobina (Sangue) - Mioglobina|ng/mL|inferior a 58
Urina, Exame de, para Unidades, sem especificacao de jato - Dismorfismo, urina|mg/dL|Ausente
Beta Hcg - HCG|UI/L|Não grávidas: Indetectável
Vitamina B-6, Dosagem - Vitamina B6, sangue|ng/mL|8,7 a 27,2
Haptoglobina - Haptoglobina|mg/dL|36 a 195
Glicose - 6 - Fosfato Desidrogenase - Glicose-6-Fosfato Desidrogenase (G6PD)||Maior ou igual a 6,7
Espermograma - Volume ejaculado|%|Maior ou igual a 1,5 mL
Espermograma - Concentração|%|Maior ou igual a 15 milhões/mL
Espermograma - Leucócitos|%|< 1,0 milhão/mL
Espermograma - Morfologia estrita|%|Maior ou igual a 4
Espermograma - Total de espermatozoides PR + NP|%|Maior ou igual a 40
Espermograma - Espermatozóides progressivos PR|%|Maior ou igual a 32
Espermograma - Espermatozóides não progressivos NP||
Espermograma - Espermatozóides imóveis IM||
Espermograma - Motilidade total|%|Maior ou igual a 40
Espermograma - Hemácias|%|ausentes
Creatino Fosfoquinase (Cpk) - CK|U/L|26 a 140
Proteína, Amostra Isolada, Urina - Proteínas,urina iso|g/L|Ver resultado tradicional
Proteína, Amostra Isolada, Urina - Creatinina,urina iso|g/L|Ver resultado tradicional
TIROPEROXIDASE, ANTICORPOS, SORO - Anti-Tiroperoxidase|UI/mL|inferior a 9
Tireoglobulina, Anticorpo Anti - Anti-Tiroglobulina|U/mL|inferior a 60
Sorologia - Coronavírus, IgG - Covid 19, Anticorpos IgG, índice||inferior a 0,80
Sorologia - Coronavírus, IgA - Covid 19, Anticorpos IgA||Não reagente
Sorologia - Coronavírus, IgA - Covid 19, Anticorpos IgA, índice||inferior a 0,80
Androstenediona - Androstenediona|ng/dL|Homens: 30 a 180
17 Alfa Hidroxiprogesterona - 17-Alfa-Hidroxiprog.|ng/dL|Ver resultado tradicional
T3 - Tri Iodotironina - T3|ng/dL|40 a 180
T4 - Tetraiodotironina - T4|microg/dL|4,5 a 12,0
Gh Basal - Hormônio crescimento||
S-DHEA - DHEA-S|microg/dL|19 a 256
Igfbp - IGFBP3|ng/mL|2161 a 5691
COVID-19-Teste Rápido (IgM e IgG), soro - Covid 19, Material||
COVID-19-Teste Rápido (IgM e IgG), soro - Covid 19, Anticorpos IgM, teste rápido||Não reagente
COVID-19-Teste Rápido (IgM e IgG), soro - Covid 19, Anticorpos IgG, teste rápido||Não reagente
COVID-19-Teste Rápido (IgM e IgG), soro - Covid 19,Antic IgM/IgG,teste rápido-Interpret||
COVID-19-Teste Rápido (IgM e IgG), soro - Covid 19, Antic IgM/IgG, teste rápido-Observ||
Testosterona - Observação||
Hepat.B (Hbv)Quantitativo Carga Viral, (em tempo real) PCR - HBV - UI/mL|UI/mL|Indetectável
Saturacao da Transferrina, soro - Ferro|microg/dL|65 a 175
Saturacao da Transferrina, soro - Ferro Grau Saturação|%|20 a 50
Interligadores C - Terminais-Ctx - CTX|ng/mL|Mulheres: inferior a 0,650
Osteocalcina - Osteocalcina, soro|ng/mL|Ver resultado tradicional
Sedimento, urina jato medio - Leucócitos, urina||inferior a 20.000/mL
Sedimento, urina jato medio - Eritrócitos, urina||inferior a 10.000/mL
Sedimento, urina jato medio - Células Epiteliais, urina||
Tireoglobulina Serica - Tiroglobulina|ng/mL|1,1 a 130
Tsh, Receptor de, Anticorpos, Soro - TRAB|U/L|inferior a 1,0
Hemograma automatizado pré-QT - Hemoglobina|g/dL|13,5 a 17,5
Hemograma automatizado pré-QT - VCM|fL|81,0 a 95,0
Hemograma automatizado pré-QT - Leucócitos|/mm3|3.500 a 10.500
Hemograma automatizado pré-QT - Neutrófilos|/mm3|1.700 a 7.000
Hemograma automatizado pré-QT - Eosinófilos|/mm3|50 a 500
Hemograma automatizado pré-QT - Basófilos|/mm3|0 a 300
Hemograma automatizado pré-QT - Linfócitos|/mm3|900 a 2.900
Hemograma automatizado pré-QT - Monócitos|/mm3|300 a 900
Hemograma automatizado pré-QT - Plaquetas|/mm3|150.000 a 450.000
Hemograma automatizado pré-QT - Eritrócitos|milhões/mm3|4,30 a 5,70
Hemograma automatizado pré-QT - Hematócrito|%|39,0 a 50,0
Hemograma automatizado pré-QT - Hemoglobina Corpuscular Média|pg|26,0 a 34,0
Hemograma automatizado pré-QT - Concentração de Hemoglobina Corpuscular|g/dL|31,0 a 36,0
Hemograma automatizado pré-QT - RDW|%|11,8 a 15,6
Hemograma automatizado pré-QT - Neutrófilos (%)||
Hemograma automatizado pré-QT - Eosinófilos (%)||
Hemograma automatizado pré-QT - Basófilos (%)||
Hemograma automatizado pré-QT - Linfócitos (%)||
Hemograma automatizado pré-QT - Monócitos (%)||
Hemograma automatizado pré-QT - Volume plaquetário médio|%|9,2 a 12,6
Hemograma - Morfologia, SVE| poiquilocitose moderada| raros esferócitos
Hemograma - Morfologia, SVE| poiquilocitose moderada| raros esquizócitos
Hb/Ht - Hemoglobina|g/dL|13,5 a 17,5
Hb/Ht - Hematócrito|%|39,0 a 50,0
Sedimento Quantitativo - Dismorfismo, urina||Ausente
Cultura de urina, sem especificação de jato, para Unidades - Outros - Urina I||
Hemograma - Morfologia, SVE| raros esquizócitos|" presença de raras """"""""bite cells"""""""""
Troponina T Ultrassensível, plasma - Troponina T ultrassensível||
Hemoglobina - Hemoglobina|g/dL|12,0 a 15,5
Ttpa Corrigido Com Plasma Normal - TTPA|segundos|25,4 a 33,4
Ttpa Corrigido Com Plasma Normal - TTPA-Paciente/Normal|segundos|0,91 a 1,20
Ttpa Corrigido Com Plasma Normal - TTPA-Normal do dia||
Rubeola, Sorologia Igg - Rubeola, IgG||Ver resultado tradicional
Rubeola, Sorologia Igm - Rubeola, IgM||Ver resultado tradicional
Citomegalovírus (CMV), Sorologia IgG - CMV, IgG|UA/mL|Ver resultado tradicional
Citomegalovírus (CMV), Sorologia IgM - CMV, IgM||Ver resultado tradicional
Protoparasitológico - Parasitológico||
HIV 1/2, Teste Rápido - HIV1/HIV2 -Imunocrom||Não reagente
Complemento C3 - C3|mg/dL|67 a 149
Proteinase 3, Anticorpo Anti - Proteinase - 3, Anticorpos||Não reagente: inferior a 0,9
Fator Reumatoide (Latex) - Fator Reumatóide|UI/mL|inferior a 20
Complemento C4 - C4|mg/dL|10 a 38
Clearence De Creatinina - Creatinina|mg/dL|0,60 a 1,10
Clearence De Creatinina - Volume (mL)||
Clearence De Creatinina - Superfície Corporal||
Clearence De Creatinina - Intervalo de tempo||
Clearence De Creatinina - Creatinina, Depuração||
Clearence De Creatinina - Depuração - Altura||
HTLV1 e 2, Anticorpos totais, soro - HTLV1/2, Anticorpos||Não reagente
Trichomonas, pesquisa, secreção vaginal - Tricomonas, secreção vaginal||Negativa
Cultura Automatizada Vaginal - Cultura Automatizada Vaginal||
Desidrogenase Lática (DHL/L) - DHL|U/L|inferior a 683
Vírus respiratórios, sincicial, influenza, parainfluenza, adeno, fluorescência - Vírus respiratórios - detecção||
Aspergillus, pesquisa do antígeno galactomanana, Vários Materiais  - Galactomanana, lavado||inferior a 1,0
Coombs Indireto - Anticorpos irreg. Anti-Eritrocitários, soro||Negativo
Teste De Coombs Direto - Coombs direto||Negativo
Reticulócitos, Contagem - Reticulócitos|/mm3|30.000 a 100.000
Urina, Exame de, para Unidades, sem especificacao de jato - Outros - Urina I||
Urina, Exame de, para Unidades, sem especificacao de jato - Observação||
Linfocitos B (CD19) contagem, sangue total  - Linfocitos CD-19|/mm3|140 a 950
Testosterona Livre - Testosterona livre|pmol/L|2,4 a 37,0
Testosterona - Testosterona|ng/dL|Até 63
Globulina Ligadora Hormônio Sexual - SHBG|mmol/L|27 a 128
Peptideo C - Observação||
Lipoproteina A (Lpa) - Lipoproteina Lp(a)|nmol/L|Até 75
Apolipoproteina A - Apolipoproteína A-1|mg/dL|107 a 214
Apo Lipoproteína B - Apolipoproteína B|mg/dL|51 a 171
Linfocitos B - CD20 - Linfócitos B (CD-20)|/mm3|140 a 950
Proteína, Amostra Isolada, Urina - Rel Proteínas/Creatinina|g/L|Ver resultado tradicional
Progesterona - Progesterona|ng/dL|Ver resultado tradicional
Dehidrotestosterona (DHT) - Dehidrotestosterona|ng/dL|5 a 46
Tireostimulante (Tsh), Hormônio (Rie) - Observação, TSH||
Alfa Feto Proteína - Alfa Fetoproteína|microg/L|Até 7,0
CA 72-4 - CA 72-4|U/mL|inferior a 6,0
Testosterona especial, soro - Testosterona|ng/dL|240 a 816
Manganes, Soro - Manganês, soro|microg/L|Normal: até 1,6
Mercurio, Dosagem - Mercurio|microg/L|inferior a 10,00
Ceruloplasmina, Dosagem - Ceruloplasmina|mg/dL|22 a 58
Cromo - Cromo|U/L|Ver resultado tradicional
Chumbo - Chumbo, sangue|microg/dL|Até 25
Testosterona Livre - SHBG|nmol/L|18 a 54
Cobre - Cobre|microg/dL|70 a 140
Proteína C Reativa, soro - Proteína C-Reativa|mg/dL|Ver resultado tradicional
Anticoagulante Lúpico - Anticoagulante Lupico - Conclusão||
Citoplasma, Anticorpo Anti - ANCA|U/mL|Não Reagente
SSA/RO Anticorpos - Ro/SS-A||Não reagente: igual ou inferior a 1,0
SSB/LA Anticorpos - La/SS-B - ensaio imunoenzimático||Não reagente: igual ou inferior a 1,0
ENA, Anticorpo Anti ( Ant. SM+Ant.RNP )   - Auto-Anticorpos, RNP||Não reagente: igual ou inferior a 1,0
ENA, Anticorpo Anti ( Ant. SM+Ant.RNP )   - Auto-Anticorpos, Sm||Não reagente: igual inferior a 1,0
Anti - Cardiolipina, IgG e IgM, soro - AntiCardiolipina IgG|U/GPL|inferior a 10
Anti - Cardiolipina, IgG e IgM, soro - AntiCardiolipina IgM|U/MPL|inferior a 10
Hemossedimentação(Vhs) 1.Hora - VHS|mm|Até 8
Hemograma, sangue total - Bastonetes|/mm3|  Até 840
Hemograma, sangue total - Segmentados|/mm3|1.700 a 7.000
Hemograma, sangue total - Bastonetes (%)|%|
Hemograma, sangue total - Segmentados (%)|%|
Leptospirose, Sorologia - Anti-Leptospira, IgM||Ver resultado tradicional
Sedimento, urina jato medio - Leucócitos, urina||inferior a 30.000/mL
Sedimento, urina jato medio - Eritrócitos, urina||inferior a 12.000/mL
Hemocultura, para Fungos, Varios Materiais - Hemocultura Fungos||
Aspergillus, pesquisa do antígeno galactomanana, Vários Materiais  - Galactomanana|ng/mL|inferior a 0,5
Fezes, Cultura - Fezes, Cultura||
Microsporidea, Pesquisa (fezes) - Microsporidia, pesquisa, fezes||
Fezes, Pesquisa de Gorduras - Gorduras Neutras||Normal
Fezes, Pesquisa de Gorduras - Amount of split and free fatty||Normal
Fezes, Pesquisa De Eosinofilos - Eosinófilos, fezes||
Giardia Lamblia, Antígeno, Fezes - Giardia Lamblia, antigeno||Não reagente
Fezes,Dos.Alfa-1 Anti Tripsina - Alfa-1 Anti-tripsina, fezes|mg/g de fezes secas|Até 3,0
Cryptosporidium, Pesquisa - Fezes - Cryptosporidium, fezes||Não reagente
Parasitológico, Contagem Ovos, fezes - Parasitológico||
Cultura, Staphylococcus aureus resistente a oxacilina, varios materiais - Cultura, Staphylococcus aureus - Parcial||
Plaquetas, Contagem - Plaquetas|/mm3|150.000 a 450.000
Plaquetas, Contagem - Volume plaquetário médio|%|9,2 a 12,6
Plaquetas, Contagem - Fração Imatura de Plaquetas|%|1,1 a 6,8
Hemossedimentação(Vhs) 1.Hora - VHS|mm|Até  8
Bk (Micobactérias), Cultura - Bk (Micobact), Cultura - Parcial||
Herpes Simp.Virus(Hsv-Vhs),Pcr - HSV1, Detecção||Negativo
Herpes Simp.Virus(Hsv-Vhs),Pcr - HSV2, Detecção||Negativo
Pcr convencional P/ Mycobacterium Tuberculosis, vários materiais - Mycobacterium tuberculosis PCR||Ver resultado tradicional
Enterococo Rest. Vancomin.Pesq - Enterococo Rest. Vancomin.Pesq - Parcial||
Vitamina B1 (Tiamina) - Vitamina B1, sangue|ng/mL|28 a 85
Testosterona Livre - SHBG|nmol/L|27 a 128
Renina - Renina|ng/mL|0,3 a 5,8
Renina - Relação Aldosterona/Renina|ng/mL|Até 27,0
Renina - Observação||
Aldosterona - Aldosterona|ng/dL|1,8 a 23,2
Cistatina C, Soro - Cistatina C|mg/L|0,72 a 1,53
Eritropoietina - Eritropoietina (EPO)||2,6 a 18,5
Hemoglobina - Hemoglobina|g/dL|13,5 a 17,5
Testosterona Livre - SHBG|nmol/L|32 a 128
Doenca De Chagas (Machado Guerreiro), Sorologia - Tripanossoma Cruzi - IgG, Elisa||Não reagente
Doenca De Chagas (Machado Guerreiro), Sorologia - Tripanossoma Cruzi - IgG, IFI||Não reagente
Rotavirus, Pesquisa - Rotavírus, fezes||NEGATIVA
HLA B27 - HLA-B27, Genotipagem||Ausência do alelo HLA-B27
Fosfatase Alcalina - Fosfatase Alcalina|U/L|55 - 149
Creatinofosfoquinase Cpk-Ck - CK|U/L|33 a 145
Tireostimulante (Tsh), Hormônio (Rie) - Hormônio Tiroestimulante|mUI/L|0,50 a 4,9
Hemograma, sangue total - Hemoglobina|g/dL|12,2 a 14,8
Hemograma, sangue total - VCM|fL|80,0 a 92,0
Hemograma, sangue total - Leucócitos|/mm3|4.100 a 8.900
Hemograma, sangue total - Neutrófilos|/mm3| 1.800 a 8.000
Hemograma, sangue total - Eosinófilos|/mm3|0 a 500
Hemograma, sangue total - Basófilos|/mm3| 0 a 200
Hemograma, sangue total - Linfócitos|/mm3|1.200 a 5.200
Hemograma, sangue total - Monócitos|/mm3|0 a 800
Hemograma, sangue total - Eritrócitos|milhões/mm3|4,10 a 5,20
Hemograma, sangue total - Hematócrito|%|36,0 a 43,0
Hemograma, sangue total - HCM|pg|25,0 a 35,0
Hemograma, sangue total - RDW|%|11,2 a 13,5
Colesterol Total e Frações - LDL Colesterol|mg/dL|menor que 110
Colesterol Total - Colesterol total|mg/dL|menor que 170
Colesterol - Fração HDL - HDL-Colesterol|mg/dL|maior que 45
Triglicerídios (Tg ) - Triglicérides|mg/dL|< 90
Colesterol - Fração LDL - VLDL-Colesterol|mg/dL|< 18
Colesterol não-HDL, soro - Colesterol não-HDL, soro|mg/dL|menor que 120
Fosfatase Alcalina, soro - Fosfatase Alcalina|U/L|57 - 254
Tempo De Sangramento - Tempo de Sangramento||até 3,00 minutos
Paratormonio, Proteina Relacionada - Proteína - Paratormonio|pg/mL|14 a 27
Paratormonio, Dosagem - Cálcio|mg/dL|8,6 a 10,3
Paratormonio, Dosagem - Creatinina|mg/dL|0,60 a 1,10
Paratormonio, Dosagem - PTH|pg/mL|10 a 65
Clostridium Difficile, pesquisa do DNA, fezes (PCR em tempo Real) - Clostridium difficile, deleção no gene tcdC||
Uréia na Urina - Período de coleta (horas)||
Uréia na Urina - Volume (mL)||
Uréia na Urina - Excreção no volume enviado||
Citomegalovírus (CMV), Antigenemia - Citomegalovirus, pesquisa Antigenemia||Negativo
Hemocultura para fungos, por maldi-tof, vários materiais - Hemocultura para fungos, por maldi-tof, vários materiais - Resultado Parcial||
Adenovirus, Sorologia - Adenovírus||inferior a 1/8
Sars Cov-2, Teste Molecular Rápido Para Detecção, Vários Materiais - Covid 19, Detecção por PCR||Não detectado
Sars Cov-2, Teste Molecular Rápido Para Detecção, Vários Materiais - Covid 19, Material||
CALCIO IONIZADO, POS FILTRO, SANGUE VENOSO - Cálcio Ionizado, pós filtro||
Anticorpos anti-heparina, fator plaquetário 4, soro - Anti-Heparina/Fator Plaquetário 4, IgG||inferior a 0,400
Anticorpos anti-heparina, fator plaquetário 4, soro - Inibição com Heparina|%|inferior a 50
T3 Reverso - T3 Reverso|ng/dL|8 a 25
Herpes Simp. Tipo 1, Sorol Igg - Herpes Simplex, Tipo 1, IgG||Ver resultado tradicional
Herpes Simples Tipo 2, Sorol Igg - Herpes Simplex, Tipo 2, IgG||Ver resultado tradicional
Bicarbonato, Sangue - pH venoso||7,33 a 7,43
Bicarbonato, Sangue - HCO3 venoso|mmol/L|23 a 27
Testosterona especial, soro - Testosterona|ng/dL|9 a 63
Sirolimus (Rapamicina) - Rapamicina|ng/mL|5,0 a 15,0
Prograf (Fk 506), Tacrolimus, Dosagem - Tacrolimus - Elisa|ng/mL|10 a 20
Prograf Em Tempos - Tacrolimus|ng/mL|10,0 a 20,0
Ácido Lático, Sangue Arterial - Lactato, arterial|mg/dL|4,5 a 14,4
Cultura, para bacilo gram negativo multirresistente, varios materiais - Cultura para Bacilo gram negativo||
Cultura, para bacilo gram negativo multirresistente, varios materiais - Cultura para Bacilo gram - Parcial||
Metanefrinas, Plasma - Metanefrina, plasma|nmol/L|inferior a 0,5
Metanefrinas, Plasma - Normetanefrina, plasma|nmol/L|inferior a 0,9
Fator de Von Willebrand, Multimeros, Plasma - Multímetros do fator de Von Willebrand||
Fator de Von Willebrand, Multimeros, Plasma - Ristocetina|%|61 a 240
Tiróide, Anticorpos (p/dosagem de TG) - Anti-Tiroglobulina|U/mL|inferior a 60
Hemograma, sangue total - Promielócitos|/mm3|0
Hemograma, sangue total - Mielócitos|/mm3|0
Hemograma, sangue total - Metamielócitos|/mm3|0
Hemograma, sangue total - Promielócitos (%)||
Hemograma, sangue total - Mielócitos (%)||
Hemograma, sangue total - Metamielócitos (%)||
Reticulócitos, Sangue Total - Reticulócitos|/mm3|30.000 a 100.000
Hemograma - Morfologia, SVE| poiquilocitose moderada|" raras """"""""bite cells"""""""""
Hemograma - Blastos|/mm3|0
Hemograma - Blastos (%)||
Hemograma - Morfologia, SVE| poiquilocitose acentuada| algumas hemácias em alvo
Voriconazol, Soro - Voriconazol, soro|mg/L|1,0 a 5,5
Citomegalovírus, Detecção Qualitativa por PCR, Vários Materiais - CMV, Detecção||Negativo
Citomegalovírus, Detecção Qualitativa por PCR, Vários Materiais - Observação||
Cultura, Streptococcus Beta Hemolítico do Grupo B, Vários Materiais - Cultura, Streptococcus Beta Hemolítico||
Microalbumina, Amostra Isolada, Urina - Microalbuminúria iso|mg/g creatinina|inferior a 30
Apolipoproteina A - Apolipoproteína A-1|mg/dL|90 a 170
Hemossedimentação(Vhs) 1.Hora - VHS|mm|Até 10
Sorologia - Coronavírus, IgA - Covid 19, Anticorpos IgA, índice||
Cultura Automatizada - Orofaringe - Cultura Automatizada - Orofaringe||
Digoxina - Digoxina|ng/mL|0,8 a 1,5
Hemograma - Morfologia, SVE| poiquilocitose moderada| raros eliptócitos
Hemograma - Morfologia, SVE| poiquilocitose discreta|" presença de raras """"""""bite cells"""""""""
Anaerobios, Cultura - Cultura Anaerobios - Parcial||
Anaerobios, Cultura - Anaerobios, Cultura||
Strongyloides stercoralis, Anticorpo IgG, soro  - Strongyloides Stercoralis, IgG||Negativo
Vírus Influenza A, Teste Molecular para Detecção - Vírus A/H1N1/SUÍNO||Negativo
Vírus Influenza A, Teste Molecular para Detecção - Vírus Influenza A||Negativo
Globulina Ligadora Hormônio Sexual - SHBG|mmol/L|21 a 77
Levetiracetam, Dosagem, Soro - Levetiracetam|microgramas/mL|12,0 a 46,0
Lacosamida, soro - Lacosamida|microgramas/mL|1,0 a 10,0
Carbamazepina, Dosagem - Carbamazepina|microgramas/mL|4 a 12
Hemocultura para anaeróbios, por maldi-tof, vários materiais - Hemocultura para anaeróbios, por maldi-tof, vários materiais - Parcial||
Oxcarbazepina, Dosagem - Oxcarbazepina|microgramas/mL|15 a 35
Rast P/ Sementes Oleaginosas - Fx1 - Rast - FX1 - Alimentos|kU/L|inferior a 0,35
Rast P/ Alimentos Perfil ( Fx2) - Rast - FX2 - Alimentos|kU/L|inferior a 0,35
Rast P/ Alimentos - Cereais ( Fx3) - Rast - FX3 - Alimentos|kU/L|inferior a 0,35
Rast P/ Alimentos Infantis - Fx5 - Rast - FX5 - Alimentos|kU/L|inferior a 0,35
Rast para Poeira Caseira e Ácaros - Hx2  - Rast - HX2 - Poeira|kU/L|inferior a 0,35
Rast P/Epitelio D/Animais(Ex1) - Rast - EX1 - Animais|kU/L|inferior a 0,35
Rast P/ Polens De Gramineas (Gx2) - Rast - GX2 - Gramíneas|kU/L|inferior a 0,35
Rast P/ Fungos (Mx1) - Rast - MX1 - Fungos|kU/L|inferior a 0,35
IgE Especifico, mx2 - fungos, soro - Rast - MX2 - Fungos|kU/L|inferior a 0,35
Peptideo Citrulinado - CCP, Auto-Anticorpos|U/mL|inferior a 5
Estrona - Estrona (E1)|ng/dL|Ver resultado tradicional
S-DHEA - DHEA-S|microg/dL|44 a 331
COVID-19-Sorologia IgM e IgG por quimiluminescência, soro - Covid 19, Anticorpos IgG, Quimiolumin.-Índice|UA/mL|inferior a 0,9
COVID-19-Sorologia IgM e IgG por quimiluminescência, soro - Covid 19, Anticorpos IgM, Quimiolumin.-Índice|UA/mL|inferior a 0,7
Hemograma, sangue total - Fração Imatura de Plaquetas|%|1,1 a 6,8
Urina Tipo 1 - Jato Medio - pH, urina||5,0 a 8,0
Urina Tipo 1 - Jato Medio - Densidade, urina||1,010 a 1,030
Urina Tipo 1 - Jato Medio - Proteínas, urina isolada|g/L|inferior a 0,10
Urina Tipo 1 - Jato Medio - Glicose, urina isol|g/L|inferior a 0,3
Urina Tipo 1 - Jato Medio - C.Cetônicos, urina|mg/dL|inferior a 5,0 (negativa)
Urina Tipo 1 - Jato Medio - Bilirrubina,urina|mg/dL|inferior a 1,0 (negativa)
Urina Tipo 1 - Jato Medio - Urobilinogênio,urina|mg/dL|inferior a 1,0 (negativa)
Urina Tipo 1 - Jato Medio - Leucócitos, urina||inferior a 30000
Urina Tipo 1 - Jato Medio - Eritrócitos, urina||inferior a 12000
Urina Tipo 1 - Jato Medio - Aspecto, urina||limpido
Urina Tipo 1 - Jato Medio - Cor, urina||
Urina Tipo 1 - Jato Medio - Cilindros, urina||
Urina Tipo 1 - Jato Medio - Células Epiteliais||
Urina Tipo 1 - Jato Medio - Nitrito, urina||negativa
Hemograma, sangue total - Leucócitos|/mm3| 3.500 a 10.500
Hemograma, sangue total - Eosinófilos|/mm3| 50 a 500
Hemograma, sangue total - Linfócitos|/mm3| 900 a 2.900
Hemograma, sangue total - Monócitos|/mm3| 300 a 900
Hemograma, sangue total - Plaquetas|/mm3| 150.000 a 450.000
Hemograma, sangue total - Neutrófilos (%)||
Hemograma, sangue total - Eosinófilos (%)||
Hemograma, sangue total - Basófilos (%)||
Hemograma, sangue total - Linfócitos (%)||
Hemograma, sangue total - Monócitos (%)||
Hemograma, sangue total - Volume plaquetário médio|%|9,2 a 12,6
Hemograma automatizado pré-QT - Hemoglobina|g/dL|12,0 a 15,5
Hemograma automatizado pré-QT - VCM|fL|82,0 a 98,0
Hemograma automatizado pré-QT - Eritrócitos|milhões/mm3|3,90 a 5,00
Hemograma automatizado pré-QT - Hematócrito|%|35,0 a 45,0
Hemograma automatizado pré-QT - RDW|%|11,9 a 15,5
Hemograma automatizado pré-QT - Fração Imatura de Plaquetas|%|1,1 a 6,8
COVID-19-Sorologia IgM e IgG por quimiluminescência, soro - Covid 19, Sorologia - Conclusão||
Chlamydia, Pesq.Dna (reação por pcr) - Clam Trachomatis PCR||Negativo
Neisseria Gonorrh (Gonococo), Det DNA PCR - Neisseria Gonorrhoeae PCR||Negativo
Metanefrinas, Amostra Isolada Urina  - Normetanefrina, urina||70 a 335
Metanefrinas, Amostra Isolada Urina  - Metanefrina total, urina||110 a 480
Metanefrinas, Amostra Isolada Urina  - Metanefrina, urina||20 a 150
Gliadina, Anticorpo IgG, soro - Sabin - Gliadina, IgG|U/mL|Não reagente: inferior a 1,0
Gliadina, Anticorpo IgA, soro - Sabin - Gliadina, IgA|U/mL|Não Reagente: inferior a 1,0
Transglutaminase Iga, Anticorpo Anti - AntiTransglutaminase||
Transglutaminase Iga, Anticorpo Anti - Observação||
Rast P/ Amendoim (F13) - Rast - F13 - Amendoim|kU/L|inferior a 0,35
Rast P/ Gluten (F79) - Rast - F79 - Gluten|kU/L|inferior a 0,35
Rast Dermato. Pteronyssinus (Acaro Domestico) - Rast - D1 - D. Pteronyssinus|kU/L|inferior a 0,35
Osmolalidade Plasmática - Osmolalidade,soro|mOsm/Kg|280 a 301
Urina Tipo I - Jato Medio - Espermatozóides||
Calculo da Estimativa da Taxa, de Filtracao Glomular, soro - Creatinina|mg/dL|0,50 a 1,00
Creatinina - Creatinina|mg/dL|0,50 a 1,00
Desidrogenase Lática (DHL/L) - DHL|U/L|inferior a 580
Hemograma - Hemoglobina|g/dL|12,0 a 14,5
Hemograma - VCM|fL|79,0 a 91,0
Hemograma - Leucócitos|/mm3|3.400 a 10.800
Hemograma - Neutrófilos|/mm3|1.500 a 8.500
Hemograma - Eosinófilos|/mm3|0 a 500
Hemograma - Basófilos|/mm3|0 a 200
Hemograma - Linfócitos|/mm3|1.500 a 6.500
Hemograma - Monócitos|/mm3|0 a 800
Hemograma - Plaquetas|/mm3|150.000 a 450.000
Hemograma - Eritrócitos|milhões/mm3|4,10 a 5,30
Hemograma - HCM|pg|27,0 a 33,0
Hemograma - CHCM|g/dL|32,0 a 36,0
Hemograma - RDW|%|11,6 a 13,4
Imunoglobulinas, Imunofixação - Proteínas Séricas, imunoeletroforese||Ausência de componente monoclonal
Eletrof.De Proteinas Urinarias - Eletro - Observação||
Eletrof.De Proteinas Urinarias - Proteínas|g/L|inferior a 0,10
Cadeias Kappa e Lambda, Livres, Soro - Cadeias kappa livres|mg/dL|0,33 a 1,94
Cadeias Kappa e Lambda, Livres, Soro - Cadeias lambda livres|mg/dL|0,57 a 2,63
Cadeias Kappa e Lambda, Livres, Soro - Relação kappa/lambda|mg/dL|0,26 a 1,65
Cadeias Kappa e Lambda, Livres, Soro - Cadeias kappa livres (mg/L)|mg/L|3,3 a 19,4
Cadeias Kappa e Lambda, Livres, Soro - Cadeias lambda livres (mg/L)|mg/L|5,7 a 26,3
Frutosamina - Frutosamina|micromol/L|De 205 a 285
Alfa 1 Glicoproteina Acida, Dos - Alfa-1 Glicopr Acida|mg/dL|50 a 120
Fator VIII Inibidor, Quantificação, Plasma - Fator VIII|%|50 a 150
Fator VIII Inibidor, Quantificação, Plasma - Inibidor de Fator VIII||Indetectável
Sangramento, Tempo de - Tempo de Sangramento|minutos|Até 3 minutos
Epstein Baar (Ebv), Pcr Quantitativo - Epstein-Barr, Quant.|UI/mL|Indetectável
Imunoglobulina G - IgG, Imunoglobulina|mg/dL|400 a 1250
Tempo Tromb.Parcial Ativada - TTPA|segundos|22,3 a 35,7
Tempo Tromb.Parcial Ativada - TTPA - Paciente/Normal|segundos|0,80 a 1,28
Triglicérides - Triglicérides|mg/dL|< 75
Gama Gt - Gama-GT|U/L|até 24
Fosfatase Alcalina - Fosfatase Alcalina|U/L|142 - 335
Creatinina - Creatinina|mg/dL|0,30 a 0,70
Hemograma - Hemoglobina|g/dL|11,0 a 14,0
Hemograma - VCM|fL|74,0 a 89,0
Hemograma - Leucócitos|/mm3|5.000 a 12.000
Hemograma - Eosinófilos|/mm3|0 a 650
Hemograma - Linfócitos|/mm3|1.500 a 7.000
Hemograma - Eritrócitos|milhões/mm3|4,10 a 5,10
Hemograma - Hematócrito|%|33,0 a 42,0
Hemograma - HCM|pg|24,0 a 30,0
Hemograma - RDW|%|12,0 a 14,5
Calculo da Estimativa da Taxa, de Filtracao Glomular, soro - Creatinina|mg/dL|0,30 a 0,70
Iodo, plasma - Iodo||52 a 109
Carnitina, Dosagem - Carnitina total|micromol/L|32 a 62
Carnitina, Dosagem - Carnitina Livre (CL)|micromol/L|25 a 54
Carnitina, Dosagem - Ésteres de Carnitina (EC)|micromol/L|4 a 12
Carnitina, Dosagem - Relação Ésteres de Carnitina/Carnitina livre||0,09 a 0,35
Vitamina E, Dosagem - Vitamina E (tocoferol), soro||Ver resultado tradicional
Vitamina K - Vitamina K|pg/mL|130 a 1500
Ro/SSA e La/SSB, Anticorpos, Soro - Ro/SS-A||Não reagente: igual ou inferior a 1,0
Ro/SSA e La/SSB, Anticorpos, Soro - La/SS-B||Não reagente: igual ou inferior a 1,0
Glicemia Para Coleta Domiciliar - Glicose|mg/dL|75 a 99
Glicose, pós prandial, plasma (Coleta domiciliar) - Glicose pós prandial|mg/dL|
Lamotrigina - Lamotrigina|microgramas/mL|3 a 14
Herpes Simp.Virus(Hsv-Vhs),Pcr - Observação||
Cálcio Urinário - Cálcio, Urina 24h|mg/24h|55 a 220
Cálcio Urinário - Período de coleta (horas)||
Cálcio Urinário - Volume (mL)||
Linfocitos Cd4 / Cd8 - Linfócitos CD4+|/mm3|507 a 1496
Linfocitos Cd4 / Cd8 - Linfócitos CD8+|/mm3|303 a 1008
Linfocitos Cd4 / Cd8 - Relação CD4/CD8|/mm3|0,9 a 2,6
Linfocitos Cd4 / Cd8 - Linfócitos CD-3|/mm3|1035 a 2333
Bk (Micobactérias), Cultura - Bk (Micobact), Cultura||
Interleucina 6, soro - Interleucina 6|pg/mL|Menor ou igual a 1,8
Sarampo, Sorologia Igg  - Sarampo, Anticorpos IgG||Ver resultado tradicional
Sarampo, Sorologia Igm - Sarampo, Anticorpos IgM||Ver resultado tradicional
Dosagem Proteína S - Proteína S Total|%|65 a 154
Dosagem Proteína S - Proteína S Livre|%|52 a 118
Fator V Leiden, Pesquisa Da Mutação G 2010A, Protrombina - Fator V Leiden||Mutação ausente
Fator V Leiden, Pesquisa Da Mutação G 2010A, Protrombina - Protrombina 20210G>A||Mutação ausente
Trombina Iii, Atividade - Antitrombina III|%|80 a 120
Proteína C Funcional - Proteina C|%|70 a 140
Beta 2 glicoproteina 1 autoanticorpos - Beta 2 Glic. I, IgG|U/mL|inferior a 15
BETA-2-GLICOPROTEINA 1, AUTOANTICORPO IGM, SORO  - Beta 2 Glic. I, IgM|U/mL|inferior a 10
Sedimento, urina jato medio - Dismorfismo, urina||Ausente
Mutação V617f No Gene Jak2, Detecção Por Pcr - Observação|UI/mL|Ver resultado tradicional
Urina Tipo 1 - Jato Medio - Leucócitos, urina||inferior a 20000
Urina Tipo 1 - Jato Medio - Eritrócitos, urina||inferior a 10000
Teste De Sensibilidade Para Fungos - Resultado -  integrar com CCIH Hospitais||
Teste De Sensibilidade Para Fungos Dr3 - Teste de Sensibilidade para Fungos Dr3||
Urina Tipo 1 - Jato Medio - Dismorfismo, urina|mg/dL|Ausente
Urina Tipo 1 - Jato Medio - Cristais, urina||
Urina Tipo 1 - Jato Medio - Outros - Urina I||
Aldolase - Aldolase|U/L|1,5 a 8,1
Hepat.C Virus(Hcv-Vhc),Genotipagem - Hepatite C, Genotipagem||
Osmolalidade Urinária - Osmolalidade,urina|mOsm/Kg|Ver resultado tradicional
Sódio, Urina,  Amostra Isolada - Sódio, urina isolada|mEq/L|18 a 214
Sódio, Urina,  Amostra Isolada - Relação Sódio/Creatinina||23 a 229
Cultura Automatizada de Escarro - Cultura Automatizada de Escarro||
Microalbuminuria - Microalbuminuria|microgr/minuto|Até 20
Ácido Úrico Urinário - Ácido Úrico, urina|mg/24h|0,25 a 0,75
Ácido Úrico Urinário - Período de coleta (horas)||
Ácido Úrico Urinário - Volume (mL)||
Oxaluria na Urina - Oxalato, urina|mg/24h|24 a 47
Oxaluria na Urina - Período de coleta (horas)||
Oxaluria na Urina - Volume (mL)||
Citrato Na Urina - Citrato, urina|mg/24h|Acima de 320
Citrato Na Urina - Período de coleta (horas)||
Citrato Na Urina - Volume (mL)||
Cortisol, Saliva - amostra - Cortisol, saliva|ng/dL|Ver resultado tradicional
Enolase Neuronio Especif.(Nse) - Enolase Neuronio-Específica|ng/mL|inferior a 17,00
Serotonina, Dosagem - Serotonina, soro|ng/mL|20 a 170
Gastrina - Gastrina, soro|pg/mL|inferior a 100
Cromogranina - Cromogranina A|ng/mL|inferior a 93
Magnesio - Magnésio|mg/dL|1,7 a 2,2
Tromboplastina Parcial Ativada, Tempo de, plasma - TTPA|segundos|22,3 a 35,7
Tromboplastina Parcial Ativada, Tempo de, plasma - TTPA-Paciente/Normal|segundos|0,80 a 1,28
Fosfatase Alcalina - Fosfatase Alcalina|U/L|45 - 87
S-DHEA - DHEA-S|microg/dL|160 a 492
Propeptídeo Amino-terminal do Procolágeno tipo 1 soro (P1NP) - Observação||
Propeptídeo Amino-terminal do Procolágeno tipo 1 soro (P1NP) - Propeptideo Amino Terminal|microg/L|13,8 a 60,9
Endomisio, Anticorpo Anti (IgA) - IgA Anti-Endomísio||Não reagente
Esquistossomose, Anticorpo Igg, Soro - Esquistossomose, anticorpo IgG||Negativo
DHEA - Dehidroepiandrosterona - Observação||
Pre-Albumina, Dosagem - Pré-albumina|mg/dL|20,0 a 40,0
Citomegalovírus, Avidez - CMV, Avidez IgG|%|Baixa Avidez: inferior a 40
Hormônio folículo estimulante, especial, soro - FSH|UI/L|Ver resultado tradicional
Hemograma, sangue total - Índice de Green & King||
Zikavirus, Anticorpo IgM, soro - Zika IgM||Ver resultado tradicional
Zikavirus, Anticorpo IgM, soro - Zika vírus - IgM - Índice||
Zikavirus, Anticorpo IgG, soro - Zika IgG||Ver resultado tradicional
Zikavirus, Anticorpo IgG, soro - Zika vírus - IgG - Índice||
J01, Anticorpo Anti - Jo-1, Auto-Anticorpos-ensaio imunoenzimático||igual ou inferior a 1,0
Colesterol Total e Frações - VLDL-Colesterol|mg/dL|< 30
Cistatina C, Soro - Cistatina C|mg/L|0,64 a 1,38
Ácido Valpróico, Dosagem - Ácido Valpróico|microgramas/mL|50 a 100
Hemograma - Plasmóticos|/mm3|0
Hemograma - Plasmócitos (%)||
Coagulograma - Fração Imatura de Plaquetas|%|1,1 a 6,8
Plaquetas, contagem especial, sangue total - Plaquetas|/mm3| 150.000 a 450.000
Plaquetas, contagem especial, sangue total - Volume plaquetário médio|%|9,2 a 12,6
Plaquetas, contagem especial, sangue total - Fração Imatura de Plaquetas|%|1,1 a 6,8
Beta Hcg - HCG|UI/L|Indetectável
Hemograma - RDW|%|11,6 a 13,8
Ferritina, Dosagem - Ferritina|microg/L|10 a 150
Hemograma - Hemoglobina|g/dL|12,8 a 16,0
Hemograma - VCM|fL| 81,0 a 92,0
Hemograma - Leucócitos|/mm3| 3.600 a 9.100
Hemograma - Eritrócitos|milhões/mm3|4,40 a 5,50
Hemograma - Hematócrito|%|37,0 a 47,0
Hematocrito - Hematócrito|%|35,0 a 45,0
Sorologia Para Sifilis Fta/Abs - Sífilis - imunoenzimático||
Sorologia Para Sifilis Fta/Abs - Sifilis - Índice imunoenzimático||Ver resultado tradicional
Hemograma - Morfologia, SVE|" presença de raras """"""""bite cells"""""""""| pontilhado basofílico em raros eritrócitos
Amicacina, Dosagem - Amicacina|mg/L|Ver resultado tradicional
Hemograma - Morfologia, SVE| raros eliptócitos|" Raras """"""""bite cells"""""""""
Hemograma - Morfologia, SVE| poiquilocitose moderada| raras hemácias em alvo
Hemograma - Morfologia, SVE| macrocitose discreta| poiquilocitose moderada
Urina Tipo I - Jato Medio - Bactérias, urina||
Transglutaminase, Tecidual Igg, Soro - Transglutaminase tecidual, IgG|Unidades|Ver resultado tradicional
Ciclosporina  - Ciclosporina|ng/mL|100 a 300
Alfa 1 Anti Tripsina, Dosagem - Alfa-1 Anti-tripsina|mg/dL|88 a 174
Leishmaniose, Sorol. Igg - Leishmania, IgG||Não reagente
Mitocondria, Cortes Rim Rato, ANTCO - Anti-mitocondrial, Anticorpo||Não reagente
Musculo Liso,Anticorpo Anti - Muscularis Mucosa||Não reagente
Musculo Liso,Anticorpo Anti - Mesangio Glomelular||Não reagente
Musculo Liso,Anticorpo Anti - Bainha Muscular de Vaso||Não reagente
Musculo Liso,Anticorpo Anti - Musculo liso-Fibrilas Tubulares Extracelulare||Não reagente
Mitocondria, Fração M2, Anticorpo - Anti-mitocondrial fração M2, Anticorpo||inferior a 0,9
Urina, Cultura - 1º jato - Urina, Cultura 1º Jato||
Sedimento, urina de primeiro jato, para Unidades - Células Epiteliais, urina 1J||
Urina, Cultura - 1º jato - Eritrócitos quantitativo, urina 1J|g/L|inferior a 10.000/mL
Urina, Cultura - 1º jato - Leucócitos quantitativo, urina 1J|g/L|inferior a 20.000/mL
Trichomonas, pesquisa, urina primeiro jato - Tricomonas, urina||
Hemograma - Morfologia, SVE| poiquilocitose acentuada|" raras """"""""bite cells"""""""""
Sedimento, urina jato medio - Outros - Urina I||
Scl70, Anticorpo Anti - Scl-70, Auto-Anticorpos||
Mioglobina (Urina ) - Hemoglobina, urina||Negativa
Mioglobina (Urina ) - Mioglobina, urina||Negativa
Ácido Metilmalônico, Soro - Ácido metilmalonico, soro|micromol/L|Até 0,50
Globulina Ligadora Hormônio Sexual - SHBG|mmol/L|32 a 128
S-DHEA - DHEA-S|microg/dL|61 a 337
Histoplasmose, Sorologia - Histoplasma||Não reagente
HIV-1 Quant (Carga Viral), PCR - HIV-1 Quantificação|UI/mL|Indetectável
Tireostimulante (Tsh), Hormônio (Rie) - Hormônio Tiroestimulante|microU/mL|0,45 a 4,5
Insulina, Combinada com Glicose, plasma - Insulina|mU/L|Ver resultado tradicional
Insulina, Combinada com Glicose, plasma - HOMA-IR|mU/L|Ver resultado tradicional
Glicemia Para Coleta Domiciliar - Glicose|mg/dL|70 a 99
Fator X, Atividade - Fator X|%|77 a 131
Tp Corrigido Com 50% Plasma Normal - TP/INR|segundos|0,9 a 1,1
Tp Corrigido Com 50% Plasma Normal - Tempo de Protrombina|segundos|10,1 a 12,8
Hemograma, sangue total - Blastos|/mm3|0
Hemograma, sangue total - Blastos (%)||
Ferro Medular (Perls),Pesquisa - Ferro medular - depósito intersticial||POSITIVO: ++/+++
Ferro Medular (Perls),Pesquisa - Ferro medular - sideroblastos|%|Até 30
Ferro Medular (Perls),Pesquisa - Ferro medular - sideroblastos em anel||Ausentes
Rast P/ Aveia (F7) - Rast - F7 - Aveia|kU/L|inferior a 0,35
Ige específico para ovoalbumina, soro - Rast - F232 - nGal d 2 Ovoalbumina|kU/L|inferior a 0,35
Rast P/ Cacau (F93) - Rast - F93 - Cacau (Chocolate)|kU/L|inferior a 0,35
Rast Carne De Vaca - Rast - F27 - Carne de vaca|kU/L|inferior a 0,35
Rast P/ Caseina (F78) - Rast - F78 - Caseina|kU/L|inferior a 0,35
Rast para Castanha de Caju, Soro - Rast - F202 - Castanha de caju|kU/L|inferior a 0,35
Rast Centeio - Rast - G12 - Centeio|kU/L|inferior a 0,35
Rast P/ Clara De Ovo (F1) - Rast - F1 - Clara de ovo|kU/L|inferior a 0,35
Rast P/ Gema De Ovo (F75) - Rast - F75 - Gema de ovo|kU/L|inferior a 0,35
Rast P/ Soja (F14) - Rast - F14 - Soja|kU/L|inferior a 0,35
Rast P/ Leite (F2) - Rast - F2 - Leite de vaca|kU/L|inferior a 0,35
Rast P/ Trigo - F4 - Rast - F4 - Trigo|kU/L|inferior a 0,35
Rast P/ Tomate (F25) - Rast - F25 - Tomate|kU/L|inferior a 0,35
Rast para Noz, Soro - Rast - F256 - Nóz|kU/L|inferior a 0,35
Hemograma - Leucócitos|/mm3|3.500 a 10.500
Hemograma - Eosinófilos|/mm3|50 a 500
Hemograma - Linfócitos|/mm3|900 a 2.900
Hemograma - Monócitos|/mm3|300 a 900
Hemograma - Neutrófilos (%)|%|
Hemograma - Eosinófilos (%)|%|
Hemograma - Basófilos (%)|%|
Hemograma - Linfócitos (%)|%|
Hemograma - Monócitos (%)|%|
Hemograma - Volume plaquetário médio|fL|9,2 a 12,6
Potássio - Potássio|mEq/L|3,5 a 5,1
Dosagem Proteína S - Proteína S Total|%|67 a 142
Dosagem Proteína S - Proteína S Livre|%|69 a 123
Dehidrotestosterona (DHT) - Observação||
Plaquetas, Agregacao - Número de plaquetas no PRP (após diluição)|/mm3|
Plaquetas, Agregacao - Agreg Plaquetária - Máxima - ADP 10,0 microM|%|73 a 94
Plaquetas, Agregacao - Agreg Plaquetária - Máxima - ADP 2,5 microM|%|50 a 95
Plaquetas, Agregacao - Agregação Plaquetária|%|81 a 96
Plaquetas, Agregacao - Agreg Plaq - Máxima - Colágeno 1,0 microg/mL|%|73 a 95
Plaquetas, Agregacao - Agreg Plaq - Lag time- Colágeno 5,0 microg/mL|segundo|
Plaquetas, Agregacao - Agreg Plaq - Lag time- Colágeno 1,0 microg/mL|segundo|
Plaquetas, Agregacao - Agreg Plaq - Máxima - Ristocetina 1,2 mg/mL|%|77 a 96
Plaquetas, Agregacao - Agreg Plaq - Máxima - Ristocetina 0,5 mg/mL|%|até 16
Plaquetas, Agregacao - Agreg Plaq - Máxima - Adrenalina 2,0 microM|%|76 a 97
Plaquetas, Agregacao - Agreg Plaq - Máx -Ác Aracdônico 500 microg/mL|%|80 a 98
Mycoplasma/Ureaplasma - Pesquisa De Mycoplasma||
